Id,Title,Image,Description,Price,Quantity,
52,Iphone 11,C:\Users\longc\Documents\MoblieStore\src\images\11pmx.jpg,Nice,2000000,88,
53,Iphone 12,C:\Users\longc\Documents\MoblieStore\src\images\iphone12-1.png,Nice,2000000,123,
54,Iphone 13,C:\Users\longc\Documents\MoblieStore\src\images\iphone13promax.png,Nice,2000000,123,
55,Iphone 11,C:\Users\longc\Documents\MoblieStore\src\images\iphone13promax.png,Nice,2000000,123,
56,Iphone 11,C:\Users\longc\Documents\MoblieStore\src\images\11pmx.jpg,Nice,2000000,123,
57,Iphone 11,C:\Users\longc\Documents\MoblieStore\src\images\11pmx.jpg,Nice,2000000,123,
58,Iphone 11,C:\Users\longc\Documents\MoblieStore\src\images\11pmx.jpg,Nice,2000000,123,
59,Iphone 11,C:\Users\longc\Documents\MoblieStore\src\images\11pmx.jpg,Nice,2000000,123,
60,Iphone 11,C:\Users\longc\Documents\MoblieStore\src\images\11pmx.jpg,Nice,2000000,123,
61,Iphone 11,C:\Users\longc\Documents\MoblieStore\src\images\11pmx.jpg,Nice,2000000,123,
62,Iphone 11,C:\Users\longc\Documents\MoblieStore\src\images\11pmx.jpg,Nice,2000000,123,
63,Iphone 11,C:\Users\longc\Documents\MoblieStore\src\images\11pmx.jpg,Nice,2000000,123,
64,Iphone 11,C:\Users\longc\Documents\MoblieStore\src\images\11pmx.jpg,Nice,2000000,123,
65,Iphone 11,C:\Users\longc\Documents\MoblieStore\src\images\11pmx.jpg,Nice,2000000,123,
66,Iphone 11,C:\Users\longc\Documents\MoblieStore\src\images\11pmx.jpg,Nice,2000000,123,
67,Iphone 11,C:\Users\longc\Documents\MoblieStore\src\images\11pmx.jpg,Nice,2000000,123,
68,Iphone 11,C:\Users\longc\Documents\MoblieStore\src\images\11pmx.jpg,Nice,2000000,123,
69,Iphone 11,C:\Users\longc\Documents\MoblieStore\src\images\11pmx.jpg,Nice,2000000,123,
70,Iphone 11,C:\Users\longc\Documents\MoblieStore\src\images\11pmx.jpg,Nice,2000000,123,
71,Iphone 11,C:\Users\longc\Documents\MoblieStore\src\images\11pmx.jpg,Nice,2000000,123,
72,Iphone 11,C:\Users\longc\Documents\MoblieStore\src\images\11pmx.jpg,Nice,2000000,123,
73,Iphone 11,C:\Users\longc\Documents\MoblieStore\src\images\11pmx.jpg,Nice,2000000,123,
74,Iphone 11,C:\Users\longc\Documents\MoblieStore\src\images\11pmx.jpg,Nice,2000000,123,
75,Iphone 11,C:\Users\longc\Documents\MoblieStore\src\images\11pmx.jpg,Nice,2000000,123,
76,Iphone 11,C:\Users\longc\Documents\MoblieStore\src\images\11pmx.jpg,Nice,2000000,123,
77,Iphone 11,C:\Users\longc\Documents\MoblieStore\src\images\11pmx.jpg,Nice,2000000,123,
78,Iphone 11,C:\Users\longc\Documents\MoblieStore\src\images\11pmx.jpg,Nice,2000000,123,
79,Iphone 11,C:\Users\longc\Documents\MoblieStore\src\images\11pmx.jpg,Nice,2000000,123,
80,Iphone 11,C:\Users\longc\Documents\MoblieStore\src\images\11pmx.jpg,Nice,2000000,123,
81,Iphone 11,C:\Users\longc\Documents\MoblieStore\src\images\11pmx.jpg,Nice,2000000,123,
82,Iphone 11,C:\Users\longc\Documents\MoblieStore\src\images\11pmx.jpg,Nice,2000000,123,
83,Iphone 11,C:\Users\longc\Documents\MoblieStore\src\images\11pmx.jpg,Nice,2000000,123,
84,Iphone 11,C:\Users\longc\Documents\MoblieStore\src\images\11pmx.jpg,Nice,2000000,123,
85,Iphone 11,C:\Users\longc\Documents\MoblieStore\src\images\11pmx.jpg,Nice,2000000,123,
86,Iphone 11,C:\Users\longc\Documents\MoblieStore\src\images\11pmx.jpg,Nice,2000000,123,
87,Iphone 11,C:\Users\longc\Documents\MoblieStore\src\images\11pmx.jpg,Nice,2000000,123,
88,Iphone 11,C:\Users\longc\Documents\MoblieStore\src\images\11pmx.jpg,Nice,2000000,123,
89,Iphone 11,C:\Users\longc\Documents\MoblieStore\src\images\11pmx.jpg,Nice,2000000,123,
90,Iphone 11,C:\Users\longc\Documents\MoblieStore\src\images\11pmx.jpg,Nice,2000000,123,
91,Iphone 11,C:\Users\longc\Documents\MoblieStore\src\images\11pmx.jpg,Nice,2000000,123,
92,Iphone 11,C:\Users\longc\Documents\MoblieStore\src\images\11pmx.jpg,Nice,2000000,123,
93,Iphone 11,C:\Users\longc\Documents\MoblieStore\src\images\11pmx.jpg,Nice,2000000,123,
94,Iphone 11,C:\Users\longc\Documents\MoblieStore\src\images\11pmx.jpg,Nice,2000000,123,
95,Iphone 11,C:\Users\longc\Documents\MoblieStore\src\images\11pmx.jpg,Nice,2000000,123,
96,Iphone 11,C:\Users\longc\Documents\MoblieStore\src\images\11pmx.jpg,Nice,2000000,123,
97,Iphone 11,C:\Users\longc\Documents\MoblieStore\src\images\11pmx.jpg,Nice,2000000,123,
98,Iphone 11,C:\Users\longc\Documents\MoblieStore\src\images\11pmx.jpg,Nice,2000000,123,
99,Iphone 11,C:\Users\longc\Documents\MoblieStore\src\images\11pmx.jpg,Nice,2000000,123,
100,Iphone 11,C:\Users\longc\Documents\MoblieStore\src\images\11pmx.jpg,Nice,2000000,123,
101,Iphone 11,C:\Users\longc\Documents\MoblieStore\src\images\11pmx.jpg,Nice,2000000,123,
